theta,answered questions,von-qbe recall,von-qbe precision,von-qbner recall,von-qbnerprecision
0.5,0.0,0.0,0.0,0.0,0.0
0.6,0.0,0.0,0.0,0.0,0.0
0.7,0.0,0.0,0.0,0.0,0.0
0.8,1.0,0.0,0.0,0.3939393939393939,0.07344632768361582
0.9,1.0,0.0,0.0,1.0,0.11743772241992882
1.0,0.0,0.0,0.0,0.0,0.0
